suburb,state,latitude,longitude
Forrest,ACT,-35.315,149.1286
Spence,ACT,-35.1987,149.0644
Tuggeranong,ACT,-35.4165,149.0695
Macarthur,ACT,-35.4089,149.127
Mount Cooper,NSW,-36.665,149.218
Craigie,NSW,-37.0833,149.05
Shane Park,NSW,-33.7434,150.7398
Burwood,NSW,-33.8833,151.1
Gangara,NSW,-30.272,152.6252
Granville,NSW,-33.8406,151.0075
Wetherill Park Bc,NSW,-33.8502,150.9279
Cullya,NSW,-33.3354,149.2323
Warnecliffe,NSW,-33.0191,148.9177
Wetherill Park Dc,NSW,-33.8428,150.9006
Mount Hope,NSW,-32.839,145.8806
Reedy Creek,NSW,-32.6377,151.093
Lakelands,NSW,-32.9619,151.6497
Cattle Creek,NSW,-31.7114,150.5995
Carrington,NSW,-32.915,151.7644
Georgetown,NSW,-32.9081,151.7312
Newport,NSW,-33.6564,151.314
Port Macquarie Bc,NSW,-31.5775,152.7241
Coogee,NSW,-33.9205,151.2552
Reedy Creek,NSW,-32.7114,150.0719
Kianga,NSW,-36.1945,150.1268
Kosciusko,NSW,-36.5051,148.3032
Bangor,NSW,-34.0167,151.0333
Enmore,NSW,-33.9005,151.1731
Scotts Creek,NSW,-31.7641,150.8869
Tweed Heads South Dc,NSW,-28.2192,153.4747
Enmore,NSW,-30.7333,151.8
Barrington,NSW,-31.9726,151.9031
Wiaborough,NSW,-34.6821,149.7157
Longreach,NSW,-35.0036,150.586
Northlakes,NT,-12.382,130.9006
Mickett Creek,NT,-12.7282,131.665
The Gardens,NT,-12.4486,130.837
Coonawarra,NT,-12.4341,130.9098
Ascot,QLD,-27.4315,153.058
Glenforest,QLD,-24.8622,152.319
South End,QLD,-24.013,151.249
Many Peaks,QLD,-24.543,151.3668
Horn Island,QLD,-16.6282,145.2087
Cannon Creek,QLD,-28.6036,151.8722
Longreach,QLD,-22.9833,144.4833
Scrubby Creek,QLD,-25.0109,146.2196
Brisbane-City,QLD,-27.4651,153.0231
Bowen Bridge,QLD,-27.4474,153.0335
Fortitude Valley Bc,QLD,-27.4474,153.0335
South Brisbane Bc,QLD,-27.4816,153.0175
Maidavale,QLD,-19.7249,147.3717
Rite Island,QLD,-19.7249,147.3717
Warburton,QLD,-21.1181,141.9437
Helenvale,QLD,-15.7167,145.2333
Georgetown,QLD,-18.292,143.5458
Bellfield,QLD,-20.4831,142.8984
Scrubby Creek,QLD,-26.184,152.6411
Targinie,QLD,-23.8,151.1
Reedy Creek,QLD,-28.0994,153.4043
Palm Tree,QLD,-27.5652,151.8726
Western Creek,QLD,-27.9982,151.1776
Maryborough,QLD,-25.5407,152.7049
Granville,QLD,-25.5449,152.7335
Newport,QLD,-27.2073,153.1013
Cattle Creek,QLD,-25.6523,151.2129
O'Reillys,QLD,-28.0477,153.1498
Cannon Creek,QLD,-28.0627,152.7241
Landsborough,QLD,-26.8067,152.961
Carrington,QLD,-17.3155,145.514
Carrington,QLD,-27.569,151.9231
Eastlake,QLD,-27.569,151.9231
Cattle Creek,QLD,-27.5416,151.2481
Kianga,QLD,-24.6936,150.0128
Bull Creek,SA,-35.2333,138.75
Williamstown,SA,-34.6721,138.8911
Mount Cooper,SA,-33.0833,134.7
Browns Beach,SA,-35.7788,137.9046
Stun’Sail Boom,SA,-35.6977,137.3447
D’Estrees Bay,SA,-35.6977,137.3447
Woods Point,SA,-35.1138,139.3227
Toora,SA,-35.1138,139.3227
Greenbanks,SA,-35.056,139.3531
Hawthorn,SA,-34.9738,138.6074
Georgetown,SA,-33.3667,138.4
Bangor,SA,-32.9667,138.15
O’Sullivan Beach,SA,-35.1188,138.4734
Seaford,SA,-35.1898,138.4759
Reedy Creek,SA,-36.95,140.0167
Mount Hope,SA,-34.1167,135.3833
Hope Valley,SA,-34.8333,138.7
Coonawarra,SA,-37.2906,140.8344
Spence,SA,-36.9554,140.6979
Normanville,SA,-35.4462,138.3213
Chinamen Wells,SA,-34.4246,137.5804
Backy Point,SA,-32.9123,137.7871
Eringa,SA,-27.5514,135.4491
The Gardens,TAS,-41.2505,148.1852
Bangor,TAS,-41.2184,147.1411
West Devonport,TAS,-41.2566,146.2856
Barrington,TAS,-41.3456,146.2766
Western Creek,TAS,-41.5833,146.5709
Bellfield,VIC,-37.7531,145.0385
Hawthorn,VIC,-37.8199,145.0358
Hawthorn West,VIC,-37.8266,145.0429
Ascot,VIC,-37.4,143.8
Forrest,VIC,-38.5167,143.7167
Scotts Creek,VIC,-38.4333,143.05
Batman,VIC,-37.7393,144.964
Reedy Creek,VIC,-37.2667,145.1333
Seaford,VIC,-38.1,145.1333
Waranga,VIC,-36.6,145.1167
Newport,VIC,-37.8443,144.8848
Williamstown,VIC,-37.8635,144.899
Burwood,VIC,-37.8498,145.119
Craigie,VIC,-37.0613,143.7144
Maryborough,VIC,-37.0456,143.7392
Ascot,VIC,-36.7,144.3333
Macarthur,VIC,-38.0339,142.0018
Woods Point,VIC,-37.56,146.3423
Landsborough,VIC,-37.0167,143.15
Normanville,VIC,-35.8161,143.7454
Toora,VIC,-38.6629,146.3279
Warburton,VIC,-37.7537,145.6904
Hopevale,VIC,-35.8,142.2333
Ascot,WA,-31.9382,115.9226
Tarwonga,WA,-32.7944,116.5071
Bull Creek,WA,-32.0563,115.8624
Coogee,WA,-32.1193,115.7665
Mount Lindsay,WA,-34.9701,117.0922
Forrest,WA,-30.851,128.1
Granville,WA,-31.3,115.8691
Craigie,WA,-31.7873,115.7699
Williamstown,WA,-30.75,121.4833
Warburton,WA,-30.5167,121.5765
Hope Valley,WA,-32.2045,115.81
Lakelands,WA,-32.4716,115.7729
Paddys River,ACT,-35.4404,149.2114
Kowen Forest,ACT,-35.4404,149.2114
Top Naas,ACT,-35.4404,149.2114
Holder,ACT,-35.3344,149.0461
Hmas Harman,ACT,-35.307,149.139
Russell Hill,ACT,-35.307,149.139
Deakin West,ACT,-35.307,149.139
Parliament House,ACT,-35.307,149.139
Fairbairn Raaf,ACT,-35.307,149.139
Duntroon,ACT,-35.3,149.1667
Harman,ACT,-35.35,149.2
Griffith,ACT,-35.3253,149.1371
Causeway,ACT,-35.3151,149.1512
Hughes,ACT,-35.3327,149.0949
Chifley,ACT,-35.3534,149.0768
University Of Canberra,ACT,-35.2235,149.0863
Belconnen Dc,ACT,-35.2235,149.0863
Bruce,ACT,-35.2441,149.0908
Kambah Village,ACT,-35.3862,149.058
Oxley,ACT,-35.4095,149.0786
Theodore,ACT,-35.4496,149.1197
Mitchell,ACT,-35.217,149.137
Franklin,ACT,-35.1995,149.1433
Amaroo,ACT,-35.1696,149.128
Stonehenge,NSW,-29.8164,151.7351
Spring Mountain,NSW,-28.5973,153.4457
Coolgardie,NSW,-28.9115,153.4567
Gundurimba,NSW,-28.85,153.2667
Corndale,NSW,-28.7091,153.3624
Clunes,NSW,-28.7312,153.4074
Missingham,NSW,-28.7,153.0333
Richmond Hill,NSW,-29.0581,153.2822
Eltham,NSW,-28.7596,153.4084
Kingsford,NSW,-33.924,151.2275
Chifley,NSW,-33.967,151.2422
Rockdale Dc,NSW,-33.9535,151.1481
Brighton Le Sands,NSW,-33.9601,151.1511
Springfield,NSW,-33.3433,149.2635
Cathcart,NSW,-36.8333,149.3667
Paddys Flat,NSW,-36.8941,149.2132
South Arm,NSW,-30.6888,152.7396
Tarkeeth,NSW,-30.497,153.0142
Bull Plain,NSW,-35.8186,146.3196
Ringwood,NSW,-35.8186,146.3196
Coads Tank,NSW,-35.8186,146.3196
Nyora,NSW,-35.8186,146.3196
Strawberry Hills,NSW,-33.9339,151.1531
Kingswood,NSW,-33.7561,150.7235
Plumpton,NSW,-33.7518,150.8369
Woodcroft,NSW,-33.7564,150.8807
Glenwood,NSW,-33.7333,150.9328
Mount Druitt Village,NSW,-33.746,150.8106
Yellow Rock,NSW,-33.6985,150.6346
Lawson,NSW,-33.7206,150.4297
Mayfield,NSW,-32.8979,151.7361
Beloon,NSW,-33.754,150.0055
Bimlow,NSW,-33.754,150.0055
Bindook,NSW,-33.754,150.0055
Brereton,NSW,-33.754,150.0055
Jooriland,NSW,-33.754,150.0055
Black Springs,NSW,-33.8667,149.7167
Kedumba,NSW,-33.754,150.0055
Kowmung,NSW,-33.754,150.0055
Jenolan Caves,NSW,-33.8167,150.0333
Kanimbla,NSW,-33.4462,150.1227
Lithgow Dc,NSW,-33.4462,150.1227
Irymple,NSW,-32.4911,145.6049
Tottenham,NSW,-32.244,147.3559
Nubingerie,NSW,-32.5167,148.6667
Ashfield,NSW,-33.8883,151.1227
Palmwoods,NSW,-28.5111,153.4049
Newbridge,NSW,-33.5833,149.3833
Glanmire,NSW,-33.4167,149.7167
Charlton,NSW,-33.4403,149.6443
Mitchell,NSW,-33.4273,149.5567
Wattle Flat,NSW,-33.15,149.7
Forest Grove,NSW,-33.4403,149.6443
Kelso,NSW,-33.4167,149.6
Box Ridge,NSW,-31.4554,149.4884
White Rock,NSW,-33.4403,149.6443
Paling Yards,NSW,-33.4403,149.6443
Stewarts Mount,NSW,-33.4403,149.6443
Eglinton,NSW,-33.3773,149.5465
Bathurst West,NSW,-33.4092,149.5632
Llanarth,NSW,-33.3969,149.551
Raglan,NSW,-33.4167,149.6667
Bumberry,NSW,-33.2,148.4833
Lilyvale,NSW,-34.1861,151.0165
Mortlake,NSW,-33.8422,151.1072
Cabarita,NSW,-33.8472,151.1164
Concord Repatriation Hospital,NSW,-33.8658,151.1016
Homebush,NSW,-33.8667,151.0833
Waterloo,NSW,-33.8994,151.2053
Punchbowl,NSW,-33.9289,151.0511
Bankstown Square,NSW,-33.9196,151.0308
Bankstown Airport,NSW,-33.9196,151.0308
Bankstown North,NSW,-33.9196,151.0308
Manahan,NSW,-33.9196,151.0308
Marrickville Metro,NSW,-33.9074,151.1555
Marrickville South,NSW,-33.9074,151.1555
Tara,NSW,-34.5,147.1667
Mount Crystal,NSW,-34.3569,146.9391
Ivanhoe,NSW,-32.9004,144.3015
Conoble,NSW,-32.9109,144.4566
Beilpajah,NSW,-32.9109,144.4566
St Leonards,NSW,-33.8234,151.1984
Manly,NSW,-33.798,151.2883
Yattalunga,NSW,-33.4804,151.3932
Green Point,NSW,-33.444,151.3682
Bay Village,NSW,-33.3483,151.4732
Shelly Beach,NSW,-33.37,151.4852
Milsons Arm,NSW,-32.9173,151.1793
Narone Creek,NSW,-32.9173,151.1793
Mootai,NSW,-32.9173,151.1793
Moruben,NSW,-32.9173,151.1793
Cessnock West,NSW,-32.9173,151.1793
Yengo,NSW,-32.8931,150.8457
South Tacoma,NSW,-33.1456,151.5011
Rocky Point,NSW,-33.2934,151.4699
Alison,NSW,-33.2768,151.4021
Dairyville,NSW,-30.2667,152.9667
Coffs Harbour Plaza,NSW,-30.2818,153.0168
Coffs Harbour Dc,NSW,-30.2818,153.0168
Coffs Harbour Jetty,NSW,-30.2818,153.0168
Esk,NSW,-29.0031,153.2993
Moonem,NSW,-29.0031,153.2993
Trustums Hill,NSW,-29.0031,153.2993
Woodburn,NSW,-29.0716,153.3461
Bayldon,NSW,-30.355,153.0877
Muldiva,NSW,-30.272,152.6252
Maynards Plains,NSW,-30.272,152.6252
Glen Fernaigh,NSW,-30.272,152.6252
Briggsvale,NSW,-30.2497,152.7784
Cascade,NSW,-30.2317,152.7898
Mimosa,NSW,-34.6,147.45
Sebastopol,NSW,-34.5833,147.5333
Black Creek,NSW,-35.0668,147.9251
Sandy Gully,NSW,-35.0668,147.9251
The Grove,NSW,-35.0668,147.9251
Westwood,NSW,-35.0668,147.9251
Back Creek,NSW,-35.0668,147.9251
Lyndhurst,NSW,-33.6733,149.0477
Vittoria,NSW,-33.5707,149.2724
Regents Park,NSW,-33.8833,151.0167
Toongabbie East,NSW,-33.7855,150.9595
Toongabbie,NSW,-33.7833,150.95
Prospect,NSW,-33.8015,150.9136
Smithfield,NSW,-33.85,150.9333
Fairfield,NSW,-33.8667,150.95
Lucknow,NSW,-33.346,149.1621
Bletchington,NSW,-33.2685,149.0942
Cranbury,NSW,-33.4,148.7
Glenroi,NSW,-33.3006,149.1052
Apsley,NSW,-32.5985,148.9679
Amaroo,NSW,-33.1595,148.9274
Hunter Region Mc,NSW,-32.5941,151.8862
Hillsborough,NSW,-32.9655,151.6724
Maitland,NSW,-32.7331,151.5574
Allandale,NSW,-32.7246,151.4094
Melville,NSW,-32.72,151.5334
Maitland North,NSW,-32.72,151.5334
Sugarloaf,NSW,-32.3895,151.719
Salisbury,NSW,-32.25,151.5667
Chichester,NSW,-32.2,151.6167
Coree South,NSW,-35.3454,145.4289
Perekerten,NSW,-35.1426,144.0724
Cadgee,NSW,-36.1582,149.8996
Gundillion,NSW,-35.4753,149.7926
Araluen North,NSW,-35.4753,149.7926
Kain,NSW,-35.7167,149.5667
Araluen,NSW,-35.6459,149.8174
Sassafras,NSW,-35.1,150.25
Majors Creek,NSW,-35.5689,149.7455
Oranmeir,NSW,-35.4753,149.7926
Back Creek,NSW,-35.4753,149.7926
Wentworth Port,NSW,-33.8924,150.8795
Carnsdale,NSW,-35.6637,147.0787
Morven,NSW,-35.6606,147.119
Rosewood,NSW,-35.673,147.8626
Borambil,NSW,-31.5071,150.6419
Meermaul,NSW,-31.0333,150.2167
Coocooboonah,NSW,-31.0,150.1333
Narrabri West,NSW,-30.3333,149.75
Big Yengo,NSW,-32.8931,150.8457
Bulga,NSW,-32.6667,151.0167
St Clair,NSW,-33.7973,150.7847
Broke,NSW,-32.7512,151.1045
Ravensworth,NSW,-32.4363,151.0541
Tennyson,NSW,-33.533,150.7375
Hill Plain,NSW,-35.4751,144.9049
Jimaringle,NSW,-35.4751,144.9049
Moonahcullah,NSW,-35.4751,144.9049
Yallakool,NSW,-35.4751,144.9049
Benarca,NSW,-35.4751,144.9049
Gulpa,NSW,-35.7,144.8833
Cornalla,NSW,-35.4751,144.9049
Deniliquin North,NSW,-35.4751,144.9049
Brassi,NSW,-35.5034,144.7183
Barratta,NSW,-35.2955,144.5737
Moira,NSW,-35.9318,144.8346
Dog Trap Crossing,NSW,-34.7665,148.8247
Cavan,NSW,-34.7665,148.8247
Goondah,NSW,-34.7333,148.7333
Manton,NSW,-34.7665,148.8247
Glenerin,NSW,-34.2972,149.3538
Third Creek,NSW,-34.2972,149.3538
Junction Point,NSW,-34.2972,149.3538
Hadley,NSW,-34.1506,149.5864
Cottawalla,NSW,-34.2972,149.3538
Aurville,NSW,-34.55,148.3368
Demondrille,NSW,-34.55,148.3368
Prunevale,NSW,-34.55,148.3368
Garangula,NSW,-34.55,148.3368
Bundarbo,NSW,-34.7836,148.2998
Westville,NSW,-33.7667,148.8
Castle Hill,NSW,-33.7333,151.0
Forest Glen,NSW,-33.5502,151.0138
Arcadia,NSW,-33.6167,151.0333
Australia Square,NSW,-34.5994,150.4017
Croydon Park,NSW,-33.8658,151.1016
Enfield South,NSW,-33.8658,151.1016
Rocky Creek,NSW,-29.3,151.3667
Coolangatta,NSW,-34.8528,150.7262
Woodhill,NSW,-34.7291,150.6771
Broughton,NSW,-34.732,150.718
Bobbin Head,NSW,-33.7312,151.127
Beaury Creek,NSW,-28.5315,152.4799
Wallaby Creek,NSW,-28.5315,152.4799
Murwillumbah South,NSW,-28.3273,153.3934
Silverwater,NSW,-33.104,151.5636
Killingworth,NSW,-32.9341,151.556
Belmont,NSW,-33.0274,151.6601
Swansea,NSW,-33.0877,151.6375
Balmoral,NSW,-33.0463,151.58
Wallsend South,NSW,-33.0197,151.596
Wallsend Dc,NSW,-33.0197,151.596
Buchanan,NSW,-32.8305,151.5312
Metford Dc,NSW,-32.8349,151.1279
Lane Cove Dc,NSW,-33.7606,151.1878
Coolaness,NSW,-28.8388,153.1153
Dyraaba Central,NSW,-28.7131,152.864
Swan Bay,NSW,-29.0596,153.3128
Dalwood,NSW,-28.8902,153.4389
Lynwood,NSW,-28.872,153.4425
Ebenezer,NSW,-33.5198,150.8863
Megalong,NSW,-33.7333,150.25
Shipley,NSW,-33.6947,150.2557
Bell,NSW,-33.5167,150.2
Long Creek,NSW,-32.6281,149.6854
Mogo,NSW,-35.7848,150.1417
Green Gully,NSW,-32.6281,149.6854
Ullamalla,NSW,-32.6281,149.6854
Worlds End,NSW,-32.6281,149.6854
Hill End,NSW,-33.0333,149.4167
Windeyer,NSW,-32.7667,149.55
Murragamba,NSW,-32.6281,149.6854
Millsville,NSW,-32.6281,149.6854
Gulgamree,NSW,-32.6281,149.6854
Glen Ayr,NSW,-32.6281,149.6854
Ben Buckley,NSW,-32.6281,149.6854
Hinchinbrook,NSW,-33.9188,150.8631
Ingleburn Milpo,NSW,-33.9569,150.8613
Rossmore,NSW,-33.9405,150.7728
Somerton,NSW,-30.9411,150.6383
Osterley,NSW,-32.7245,151.6998
Kings Hill,NSW,-32.7557,151.7559
Motto Farm,NSW,-32.7945,151.7239
Raymond Terrace East,NSW,-32.7557,151.7559
Wallaroo,NSW,-35.1468,149.0128
Elderslie,NSW,-34.0552,150.7137
Dalwood,NSW,-32.9664,151.2079
Stanhope,NSW,-33.7221,150.926
Lambs Valley,NSW,-32.9664,151.2079
Torryburn,NSW,-30.45,151.2167
Satur,NSW,-32.041,150.8416
Woodside,NSW,-31.778,152.0862
Rocks Crossing,NSW,-31.778,152.0862
Charity Creek,NSW,-31.778,152.0862
Washpool,NSW,-32.484,151.9953
Kolodong,NSW,-31.8833,152.4333
Dicks Hill,NSW,-31.6998,152.7178
Forces,NSW,-32.3918,148.3941
Australian Defence Forces,NSW,-32.3918,148.3941
Spit Junction,NSW,-33.839,151.2396
Maude,NSW,-34.4739,144.3003
Oxley,NSW,-34.1936,144.1024
Retreat,NSW,-35.6216,145.4285
Aberdeen,NSW,-32.1659,150.89
Scotchman,NSW,-30.4532,152.9003
Orama,NSW,-30.4532,152.9003
Gordonville,NSW,-30.4532,152.9003
Upper Thora,NSW,-30.4532,152.9003
Currawananna,NSW,-35.0151,147.0696
Hillgrove,NSW,-36.0209,148.7291
Springvale,NSW,-35.1669,147.3306
Mungery,NSW,-32.55,148.0
Peak Hill,NSW,-32.7239,148.1905
Cardiff,NSW,-32.942,151.6544
Waratah,NSW,-32.9067,151.7265
Newcastle University,NSW,-32.892,151.7053
West Chatswood,NSW,-33.794,151.1649
Crows Nest,NSW,-33.8249,151.204
Neutral Bay Junction,NSW,-33.8401,151.22
Cremorne Junction,NSW,-33.8334,151.2267
Belrose West,NSW,-33.7413,151.2056
Frenchs Forest East,NSW,-33.7482,151.2232
Harbord,NSW,-33.7768,151.2865
Freshwater,NSW,-33.7787,151.2857
Queenscliff,NSW,-33.7828,151.285
Narrabeen Peninsula,NSW,-33.7021,151.2842
Bayview,NSW,-33.6598,151.2988
Newport Beach,NSW,-33.6564,151.314
Taylors Point,NSW,-33.6342,151.3234
Bilgola,NSW,-33.6342,151.3234
Currawong Beach,NSW,-33.5968,151.2972
Grosvenor Place,NSW,-34.5994,150.4017
Grosvenor Place,NSW,-34.0599,150.998
Sydney South,NSW,-33.8787,151.2053
Cheltenham,NSW,-33.7587,151.0723
Seven Hills West,NSW,-33.7648,150.9333
Parramatta Westfield,NSW,-33.8203,151.0056
Box Hill,NSW,-33.6503,150.8647
Warriwillah,NSW,-28.7094,153.5798
Tipperary,NSW,-31.7395,152.3358
Bulby Brush,NSW,-32.15,152.2167
Black Creek,NSW,-31.6319,152.6983
Kew,NSW,-31.636,152.7266
North Shore,NSW,-31.4024,152.9019
Williamtown Raaf,NSW,-32.5941,151.8862
Nelson Bay,NSW,-32.7204,152.144
Woodville,NSW,-32.6833,151.6167
Woerden,NSW,-32.55,151.7333
Eastern Suburbs Mc,NSW,-33.88,151.2325
St Pauls,NSW,-33.9133,151.2539
Clovelly West,NSW,-33.9133,151.2539
Randwick Dc,NSW,-33.9133,151.2539
South Arm,NSW,-29.5528,153.1267
Lilydale,NSW,-29.5413,152.6628
Lawrence,NSW,-29.4921,153.0969
Mountain View,NSW,-29.608,152.936
Capeen,NSW,-28.5802,152.6665
Boomoodeerie,NSW,-28.976,152.7656
Camira Creek,NSW,-29.2461,152.9662
Sandilands,NSW,-28.9024,152.6503
Clover Park,NSW,-28.551,152.5847
Camira,NSW,-29.2461,152.9662
Macquarie University,NSW,-33.6694,151.2918
Oak Flats Dc,NSW,-34.5814,150.8435
Dunmore,NSW,-34.6159,150.8223
Balarang,NSW,-34.5814,150.8435
Shellharbour Square,NSW,-34.5814,150.8435
Flinders,NSW,-34.5833,150.8552
Avoca,NSW,-34.5953,149.2917
Willow Vale,NSW,-34.7381,150.7998
Surf Beach,NSW,-35.6688,150.1632
Lilli Pilli,NSW,-35.7759,150.228
Rosedale,NSW,-34.8863,149.7843
Nowra East,NSW,-34.8733,150.5904
Bangalee,NSW,-34.8733,150.5904
Nowra Dc,NSW,-34.8733,150.5904
Bermagui South,NSW,-36.419,150.0636
Burbong,NSW,-35.4404,149.2114
Dodsworth,NSW,-35.4404,149.2114
Letchworth,NSW,-35.4404,149.2114
Queanbeyan Dc,NSW,-35.4404,149.2114
Broken Dam,NSW,-35.9311,148.6796
Nungar,NSW,-35.9311,148.6796
Courajago,NSW,-35.3216,148.3333
Midway,NSW,-35.3216,148.3333
Little River,NSW,-35.3216,148.3333
Willie Ploma,NSW,-35.0795,148.2287
Bongalong,NSW,-35.0795,148.2287
Bongongalong,NSW,-35.0795,148.2287
Jackalass,NSW,-35.0795,148.2287
Wagragobilly,NSW,-35.0836,148.2102
Tarrabandra,NSW,-35.0795,148.2287
Southern Suburbs Mc,NSW,-33.9339,151.1531
Kangaroo Point,NSW,-34.0026,151.0959
Sylvania Southgate,NSW,-34.0112,151.1005
Lilli Pilli,NSW,-34.0683,151.1157
Warumbul,NSW,-34.1348,151.0041
Bonnie Vale,NSW,-34.1348,151.0041
Garie,NSW,-34.1348,151.0041
Yenabilli,NSW,-34.1348,151.0041
Uloola,NSW,-34.1348,151.0041
Audley,NSW,-34.1348,151.0041
Jibbon,NSW,-34.1348,151.0041
Marley,NSW,-34.1348,151.0041
Kirrawee Dc,NSW,-34.1348,151.0041
Heathcote,NSW,-34.0841,151.013
Menai Central,NSW,-34.0171,151.0159
Royal Exchange,NSW,-34.0599,150.998
Queen Victoria Building,NSW,-34.0599,150.998
Queen Victoria Building,NSW,-33.8787,151.2053
St Peters Dc,NSW,-33.9189,151.1705
Sydenham,NSW,-33.9167,151.168
Sydney Gateway Facility,NSW,-32.3918,148.3941
International Mc,NSW,-32.3918,148.3941
Retreat,NSW,-30.6068,151.1068
The Scrub,NSW,-29.1333,152.0833
Billyrimba,NSW,-29.171,152.2287
Bluff Rock,NSW,-29.1667,152.0167
Sunnyside,NSW,-28.9886,151.949
Steinbrook,NSW,-29.0833,152.1
Bungulla,NSW,-29.1333,151.9833
Old Koreelah,NSW,-28.399,152.4196
Maryland,NSW,-28.55,152.0
Exeter,NSW,-34.6128,150.3208
North Hill,NSW,-30.501,151.6724
Hillgrove,NSW,-30.5712,151.9045
Wagga Wagga Raaf,NSW,-35.1481,147.4671
Forest Hill,NSW,-35.1481,147.4671
Brookdale,NSW,-35.3421,146.7055
Osborne,NSW,-35.3545,146.7228
Long Flat,NSW,-31.4395,152.4925
Warrigal,NSW,-31.5977,147.2598
Miandetta,NSW,-31.5752,146.9815
Merriwa,NSW,-32.1392,150.3556
Bomera,NSW,-31.4894,149.8309
Curlewis,NSW,-31.1167,150.2675
Barwon,NSW,-30.9568,149.0287
Eulomogo,NSW,-32.2667,148.6833
Cumboogle,NSW,-32.3436,148.598
Barbigal,NSW,-32.2211,148.6327
Delroy Gardens,NSW,-32.2211,148.6327
Dickygundi,NSW,-32.2211,148.6327
Dubbo Dc,NSW,-32.2211,148.6327
Manera Heights,NSW,-32.2211,148.6327
Orana Heights,NSW,-32.2211,148.6327
Dubbo East,NSW,-32.2211,148.6327
Troy Junction,NSW,-32.2211,148.6327
Dubbo West,NSW,-32.2211,148.6327
Muronbung,NSW,-32.2211,148.6327
Eschol,NSW,-32.3333,148.65
Talbragar,NSW,-32.2,148.6333
Whylandra Crossing,NSW,-32.2211,148.6327
Dubbo Grove,NSW,-32.2211,148.6327
Boothenba,NSW,-32.2,148.7
Biraganbil,NSW,-32.308,149.4774
Bondi Junction Plaza,NSW,-33.8961,151.2472
Queens Park,NSW,-33.8995,151.2472
Charing Cross,NSW,-33.902,151.2606
Rose Bay North,NSW,-33.8567,151.2799
Hmas Watson,NSW,-33.8567,151.2799
Diamond Bay,NSW,-33.8567,151.2799
Bundaburrah,NSW,-33.5167,147.7167
Grawlin,NSW,-33.4667,148.0333
Warroo,NSW,-33.3333,147.5833
Willoughby North,NSW,-33.7983,151.2081
Willoughby,NSW,-33.8049,151.1993
Balaclava,NSW,-34.4019,150.394
Woodlands,NSW,-34.4057,150.3943
Wattle Ridge,NSW,-34.4019,150.394
Bannister,NSW,-34.5985,149.4929
Mayfield,NSW,-36.1304,148.9225
Wowagin,NSW,-34.4167,149.7167
Oakdale,NSW,-34.0793,150.5132
Cawdor,NSW,-34.1,150.6667
Bickley Vale,NSW,-34.0733,150.6644
Woonona East,NSW,-34.3524,150.9044
Corrimal East,NSW,-34.3761,150.9108
Reidtown,NSW,-34.3887,150.8938
University Of Wollongong,NSW,-34.5321,150.8196
Unanderra Dc,NSW,-34.4455,150.823
Stream Hill,NSW,-34.4455,150.823
Bradbury,NSW,-34.0854,150.8154
Appin,NSW,-34.2035,150.7864
Macarthur Square,NSW,-34.0896,150.8113
Campbelltown North,NSW,-34.0896,150.8113
Wedderburn,NSW,-34.1333,150.8167
Blair Athol,NSW,-34.0621,150.8014
Avon,NSW,-34.4271,150.7012
Palinyewah,NSW,-33.9716,141.8629
Ellerslie,NSW,-33.9716,141.8629
Rufus River,NSW,-33.9716,141.8629
Copi Hollow,NSW,-32.329,142.3597
Sunset Strip,NSW,-32.2652,142.3012
Myola,NSW,-35.0231,150.6758
Dunmarra,NT,-16.6799,133.4122
Delamere,NT,-15.75,131.55
Jay Creek,NT,-22.2019,133.143
Ayers Rock,NT,-22.2019,133.143
Telegraph Station,NT,-22.2019,133.143
Napperby Station,NT,-22.2019,133.143
Aherrenge,NT,-22.2019,133.143
Hart Range,NT,-22.2019,133.143
Macdonnell Range,NT,-22.2019,133.143
Docker River,NT,-22.2019,133.143
Imampa,NT,-22.2019,133.143
Pitjantjatjara Homelands,NT,-22.2019,133.143
Ininti Store,NT,-22.2019,133.143
Erldunda,NT,-22.2019,133.143
Davenport,NT,-22.2019,133.143
Kulgera,NT,-22.2019,133.143
Kings Creek Station,NT,-22.2019,133.143
Antewenegerrde,NT,-22.2019,133.143
Urapuntja,NT,-22.2019,133.143
Hart,NT,-22.2019,133.143
Umpangara,NT,-22.2019,133.143
Uluru,NT,-22.2019,133.143
Murputja Homelands,NT,-22.2019,133.143
Mulga Bore,NT,-22.2019,133.143
Thangkenharenge,NT,-22.2019,133.143
Tanami,NT,-22.2019,133.143
Woodleigh Gardens,NT,-12.382,130.9006
University,NT,-12.4292,130.8859
Charles Darwin University,NT,-12.4292,130.8859
Gove,NT,-12.1816,136.7784
Virginia,NT,-12.519,131.0284
Manton,NT,-12.813,131.19
Pularumpi,NT,-11.4049,130.4156
Point Stephens,NT,-12.7282,131.665
Wickham,NT,-12.5539,130.9223
Bathurst Island,NT,-12.7282,131.665
Goulbourn Island,NT,-12.7282,131.665
Croker Island,NT,-12.7282,131.665
Woolaning,NT,-12.7282,131.665
Annie River,NT,-12.7282,131.665
Sandpalms Roadhouse,NT,-12.7282,131.665
Camp Creek,NT,-12.7282,131.665
Tipperary,NT,-12.7282,131.665
Border Store,NT,-12.7282,131.665
Hidden Valley,NT,-12.4424,130.9094
Mapuru,NT,-12.7282,131.665
Wishart,NT,-12.7282,131.665
Darwin Mc,NT,-12.7282,131.665
Delissaville,NT,-12.7282,131.665
Margaret River,NT,-12.7282,131.665
Fleming,NT,-12.7282,131.665
Pulumpa,NT,-12.7282,131.665
Goulburn Island,NT,-11.65,133.3883
Mitchell,NT,-12.5012,130.9961
Rosebery Heights,NT,-12.5012,130.9961
Cossack,NT,-14.4555,132.1748
Bayview,NT,-12.438,130.8571
Greenstone,QLD,-26.9621,152.8128
Lilywood,QLD,-26.9621,152.8128
Corymbia,QLD,-26.9621,152.8128
Wagtail Grove,QLD,-26.9621,152.8128
Hervey Bay,QLD,-25.2876,152.7694
Elliott,QLD,-25.0063,152.2758
Windermere,QLD,-24.85,152.45
Avondale,QLD,-24.7383,152.1582
Santa Fe Heights,QLD,-24.8622,152.319
Avoca,QLD,-24.8782,152.3079
Burnett Downs,QLD,-24.8622,152.319
Bundaberg Dc,QLD,-24.8622,152.319
Millbank,QLD,-24.8754,152.3222
Oakwood,QLD,-24.8667,152.3
Abbotsford,QLD,-24.8622,152.319
Builyan,QLD,-24.525,151.3848
Gladstone Bc,QLD,-24.013,151.249
Tablelands,QLD,-24.013,151.249
O'Connell,QLD,-24.013,151.249
Calliope,QLD,-24.007,151.2003
O’Connell,QLD,-24.013,151.249
Hetherington,QLD,-24.013,151.249
Gladstone South,QLD,-24.013,151.249
Gladstone Dc,QLD,-24.013,151.249
Heron Island,QLD,-24.013,151.249
Withersfield,QLD,-23.5667,147.5667
Glenroy,QLD,-23.1857,149.8177
Rubyvale,QLD,-23.4182,147.6991
Yalleroi,QLD,-24.0682,145.7578
Willows Gemfields,QLD,-23.7436,147.5425
Bogantungan,QLD,-23.65,147.3
Fernlees,QLD,-23.8667,148.1167
Gemfields,QLD,-23.5301,147.7968
Midgee,QLD,-23.5167,150.55
The Gemfields,QLD,-23.5301,147.7968
Forrest Beach,QLD,-18.659,146.1522
Sugarloaf,QLD,-28.6978,152.0406
Napranum,QLD,-12.6832,141.89
Weipa,QLD,-12.6235,141.8788
Prospect,QLD,-24.5117,150.4189
Theodore,QLD,-24.946,150.0742
Galilee,QLD,-22.9683,145.245
Pelican Creek,QLD,-22.9683,145.245
Mexico,QLD,-23.8167,146.2167
Spring Hill,QLD,-27.4614,153.0231
Brisbane Gpo,QLD,-27.4651,153.0231
Brisbane City Dc,QLD,-27.4651,153.0231
Parliament House,QLD,-27.4651,153.0231
Brisbane,QLD,-27.4679,153.0281
Brisbane Adelaide Street,QLD,-27.4651,153.0231
Tangalooma,QLD,-27.1794,153.3743
Windsor,QLD,-27.4363,153.0288
Glen Kedron,QLD,-27.4109,153.0276
Chermside South,QLD,-27.3843,153.0232
Craigslea,QLD,-27.3843,153.0232
Chermside Bc,QLD,-27.3843,153.0232
Chermside Centre,QLD,-27.3843,153.0232
Bald Hills,QLD,-27.3211,153.0086
The Grange,QLD,-24.8167,152.4167
Grange,QLD,-27.4225,153.0153
Ithaca,QLD,-27.45,152.9833
Ashgrove East,QLD,-27.4455,152.992
St Johns Wood,QLD,-27.4455,152.992
Ashgrove West,QLD,-27.4455,152.992
Dorrington,QLD,-27.4455,152.992
The Gap,QLD,-27.4419,152.9386
Milton Bc,QLD,-27.3821,152.5661
St Lucia South,QLD,-27.4752,152.8871
Ironside,QLD,-27.4752,152.8871
Priors Pocket,QLD,-27.5602,152.8704
Sumner Park Bc,QLD,-27.5523,152.9263
Jindalee,QLD,-27.5345,152.9384
Sherwood,QLD,-27.5303,152.9822
Princess Alexandra Hospital,QLD,-27.4926,153.0323
Buranda,QLD,-27.4926,153.0323
Yeronga West,QLD,-27.5157,153.0164
Springwood,QLD,-27.6118,153.129
Springwood Bc,QLD,-27.623,153.1425
Chatswood Hills,QLD,-27.623,153.1425
Carina North,QLD,-27.4985,153.0922
Colmslie,QLD,-27.4741,153.0768
Bullawarra,QLD,-27.8932,143.1355
Norley,QLD,-27.8932,143.1355
Nockatunga,QLD,-27.789,142.63
Littabella,QLD,-24.6857,152.0781
Waterloo,QLD,-24.6984,152.1199
Clare,QLD,-19.7833,147.2333
Devoncourt Station,QLD,-20.8065,140.5483
Selwyn,QLD,-21.5333,140.5
Oorindi,QLD,-20.6833,141.0667
Gregory Downs,QLD,-17.8423,139.1875
Augustus Downs,QLD,-17.8423,139.1875
Nicholson,QLD,-17.8423,139.1875
Gregory,QLD,-17.8423,139.1875
Kamma,QLD,-17.05,145.7667
Goldsborough,QLD,-17.1547,145.7372
Wrights Creek,QLD,-17.0338,145.7712
Centenary Park,QLD,-17.0255,145.7484
Tamarind Gardens,QLD,-17.0255,145.7484
Cairns,QLD,-16.9237,145.7661
North Cairns,QLD,-16.9041,145.757
Lake Placid,QLD,-16.8704,145.6841
Smithfield,QLD,-16.825,145.6917
Buchan Point,QLD,-16.7356,145.6675
Mary Kathleen,QLD,-20.7552,139.9459
Bushy Park,QLD,-20.7507,139.5291
Mornington,QLD,-20.7342,139.4959
Soldiers Hill,QLD,-20.7053,139.4899
Mount Isa Dc,QLD,-20.7507,139.5291
Brunette Downs,QLD,-20.7507,139.5291
Barkly,QLD,-20.7507,139.5291
The Gap,QLD,-20.7507,139.5291
Alroy,QLD,-20.7507,139.5291
Mount Isa East,QLD,-20.7507,139.5291
Osborne Mine,QLD,-20.7507,139.5291
Georgina,QLD,-20.7507,139.5291
The Monument,QLD,-20.7507,139.5291
Mount Isa Bc,QLD,-20.7507,139.5291
Ryan,QLD,-20.7009,139.5005
Anthonys Lagoon,QLD,-20.7507,139.5291
Buckingham,QLD,-20.7507,139.5291
Basalt,QLD,-19.7516,145.3892
Balfes Creek,QLD,-20.2167,145.9167
Prairie,QLD,-20.8833,144.6
The Cape,QLD,-20.4592,145.1686
Ravenswood,QLD,-20.1,146.8833
Alligator Creek,QLD,-19.3918,146.9378
Majors Creek,QLD,-19.6338,147.0081
Rocky Point,QLD,-16.3907,145.4056
Mowbray,QLD,-16.5602,145.4794
Toolara,QLD,-25.9966,152.8371
Victory Heights,QLD,-26.1723,152.6895
Araluen,QLD,-26.1571,152.6522
Orchid Beach,QLD,-24.9673,153.3144
Huxley,QLD,-25.2167,152.2667
Childers,QLD,-25.2371,152.2788
Goodwood,QLD,-25.1457,152.4103
Lynwood,QLD,-25.2,152.25
Raglan,QLD,-23.7167,150.8167
Sanctuary Cove,QLD,-27.86,153.3719
Santa Barbara,QLD,-27.8573,153.3548
Monterey Keys,QLD,-27.8767,153.3573
Helensvale Town Centre,QLD,-27.8767,153.3573
Arundel Dc,QLD,-27.9638,153.3658
Parkwood,QLD,-27.9546,153.363
Arundel Bc,QLD,-27.9638,153.3658
Ashmore City,QLD,-27.9638,153.3658
Anglers Paradise,QLD,-27.8962,153.3965
Sovereign Islands,QLD,-27.8962,153.3965
Paradise Point Keys,QLD,-27.8962,153.3965
Currigee,QLD,-27.8962,153.3965
Currumbin Dc,QLD,-28.1677,153.439
Rainbow Bay,QLD,-28.0407,152.984
Kirra,QLD,-28.0407,152.984
Hampton,QLD,-27.35,152.0833
Rocky Creek,QLD,-28.0167,151.35
The Pines,QLD,-27.9982,151.1776
Wattle Ridge,QLD,-27.9982,151.1776
Woondul,QLD,-27.9982,151.1776
Stonehenge,QLD,-27.9982,151.1776
Clontarf,QLD,-27.9667,151.2167
Sunrise Hills,QLD,-26.4206,152.8896
Black Mountain,QLD,-26.3989,152.8756
Tablelands,QLD,-26.1653,151.9097
Oakdale,QLD,-26.1653,151.9097
Redgate,QLD,-26.1653,151.9097
Glenrock,QLD,-26.1653,151.9097
Netherby,QLD,-25.7752,152.5434
Oakhurst,QLD,-25.5125,152.6358
Baddow,QLD,-25.5167,152.6833
Waterfront Place,QLD,-27.4679,153.0281
Central Plaza,QLD,-27.4679,153.0281
Riverside Centre,QLD,-27.4679,153.0281
Collingwood Park,QLD,-27.6128,152.8601
Riverview,QLD,-27.6,152.85
Booval Fair,QLD,-27.6135,152.8027
Booval Dc,QLD,-27.6135,152.8027
Booval Bc,QLD,-27.6135,152.8027
Silverdale,QLD,-27.8993,152.6048
Drummondslope,QLD,-23.8855,146.5455
Port Wine,QLD,-23.6164,147.2897
Grasstree,QLD,-21.364,149.3061
Eton North,QLD,-21.2333,148.9667
Strathfield,QLD,-21.746,148.4967
Elphinstone,QLD,-21.5,148.2333
Mt Britton,QLD,-21.6117,148.4158
Burton,QLD,-21.6117,148.4158
Rockhampton Hospital,QLD,-23.359,150.5384
Great Keppel Island,QLD,-23.359,150.5384
Stockyard,QLD,-22.8801,150.7321
Clarendon,QLD,-27.4298,152.5254
Silver Pinch,QLD,-27.5932,152.178
Lockyer,QLD,-27.5135,152.0822
Browns Plains,QLD,-27.6626,153.0506
Logan Hyperdome Bc,QLD,-27.6607,153.1739
Kimberley Park,QLD,-27.6607,153.1739
Marsden Postal Depot,QLD,-27.6805,153.0909
Crestmead Dc,QLD,-27.6805,153.0909
Waterford,QLD,-27.7053,153.1315
Darlington,QLD,-28.239,153.067
Woodhill,QLD,-27.9,152.9667
Yakapari,QLD,-21.0667,149.0
Noorlah,QLD,-20.6333,148.5833
Wagoora,QLD,-20.85,148.7
Palm Grove,QLD,-20.3927,148.7007
Wellesley,QLD,-27.2329,149.0775
Kedron Upper,QLD,-27.4188,152.9178
Dohles Rocks,QLD,-27.2511,152.9868
Donnybrook,QLD,-27.005,153.0673
Curramore,QLD,-26.6937,152.803
Wahpunga,QLD,-26.2377,152.9215
Yenda,QLD,-25.4531,151.659
Linden,QLD,-28.2531,145.5832
Cheepie,QLD,-26.6333,145.0167
Capalaba West,QLD,-27.5638,153.2016
Capalaba Dc,QLD,-27.5638,153.2016
Capalaba Bc,QLD,-27.5638,153.2016
Pinklands,QLD,-27.5575,153.2648
Victoria Point West,QLD,-27.617,153.2898
Point Talburpin,QLD,-27.64,153.3138
Point Halloran,QLD,-27.617,153.2898
Limestone,QLD,-23.667,150.3862
Dundas,QLD,-27.3,152.6167
Blackbutt,QLD,-26.8863,152.1017
Holts Hill,QLD,-27.3699,152.5526
Bellhaven,QLD,-27.3699,152.5526
White Rock,QLD,-27.3699,152.5526
Loamside,QLD,-27.6667,152.7333
Forest Glade,QLD,-27.3699,152.5526
West Amberley,QLD,-27.3699,152.5526
Washpool,QLD,-27.3699,152.5526
Maroon Dam,QLD,-28.0204,152.6714
Lake Moogerah,QLD,-28.0204,152.6714
Rosewood,QLD,-27.6335,152.5895
Calvert,QLD,-27.6667,152.5167
The Bluff,QLD,-27.6235,152.5355
Fulham,QLD,-27.0667,152.45
Forest Hill,QLD,-27.5926,152.3557
D’Aguilar,QLD,-26.9833,152.8
Yamsion,QLD,-26.9833,151.5833
Melrose,QLD,-28.3531,152.2489
Rosenthal,QLD,-28.2401,152.0133
Cunningham,QLD,-28.1613,151.8421
North Branch,QLD,-28.0368,152.3298
Montrose,QLD,-28.1585,151.7839
Fletcher,QLD,-28.774,151.8637
Shelly Beach,QLD,-26.7965,153.1458
Palmwoods,QLD,-26.6858,152.9613
Mountain Creek,QLD,-26.7028,153.1013
Parklands,QLD,-26.5955,152.9789
Kawana Waters,QLD,-26.706,153.1316
Sundown,QLD,-17.4931,146.0222
Wooroonooran,QLD,-17.4486,145.8617
Toowoomba Bc,QLD,-27.569,151.9231
Glenvale Park,QLD,-27.569,151.9231
Macdonaldtown,QLD,-27.569,151.9231
Northpoint,QLD,-27.569,151.9231
Toowoomba East,QLD,-27.569,151.9231
Clifford Gardens,QLD,-27.569,151.9231
Drayton North,QLD,-27.569,151.9231
Northlands,QLD,-27.569,151.9231
Toowoomba Dc,QLD,-27.569,151.9231
Toowoomba South,QLD,-27.569,151.9231
Southtown,QLD,-27.569,151.9231
Toowoomba Village Fair,QLD,-27.569,151.9231
Wyalla Plaza,QLD,-27.569,151.9231
Toowoomba,QLD,-27.5606,151.9539
Crows Nest,QLD,-27.2599,152.0516
Felton East,QLD,-27.8022,151.7693
Greenwood,QLD,-27.3852,151.7109
Highland Plains,QLD,-27.3852,151.7109
Devon Park,QLD,-27.3852,151.7109
Balgowan,QLD,-27.3852,151.7109
Dunmore,QLD,-27.5416,151.2481
West End,QLD,-19.2669,146.7937
Lavarack Barracks,QLD,-19.342,146.636
Townsville Milpo,QLD,-19.342,146.636
Cooranga North,QLD,-26.7833,151.3833
Auburn,QLD,-25.9526,150.6157
Hopeland,QLD,-26.6865,150.8203
Pelican,QLD,-26.5833,150.8667
Myall Park,QLD,-27.2167,149.65
Pelham,QLD,-26.6331,150.1409
Glebe,QLD,-26.1289,150.0651
Hornet Bank,QLD,-26.1289,150.0651
Peek-A-Doo,QLD,-26.1289,150.0651
Collinsville,QLD,-20.5522,147.844
Delta,QLD,-20.0167,148.1833
Brisk Bay,QLD,-20.0526,148.0223
Rose Bay,QLD,-20.0526,148.0223
Queens Beach,QLD,-19.9796,148.2263
The University Of Adelaide,SA,-34.8972,138.5717
Adelaide University,SA,-34.8972,138.5717
University Of Adelaide,SA,-34.8972,138.5717
Hindmarsh,SA,-34.9061,138.5706
Tranmere North,SA,-34.8935,138.6626
Piccadilly,SA,-34.9778,138.7302
Ashbourne,SA,-35.2873,138.7668
St Ives,SA,-35.0444,138.954
Bradbury,SA,-35.0608,138.7251
Longwood,SA,-35.05,138.7167
Millbrook,SA,-34.8028,138.8422
Gleeson Hill,SA,-33.7232,138.1573
New Town,SA,-33.9936,137.7613
Jericho,SA,-33.9936,137.7613
Nangari,SA,-34.4903,140.8742
Beverley,SA,-34.8951,138.5463
Rosewater East,SA,-34.8496,138.5369
Riverton,SA,-34.1551,138.7482
Navan,SA,-34.1517,138.7188
Woolshed Flat,SA,-34.1517,138.7188
Manoora,SA,-34.0,138.8167
Stanley,SA,-33.787,138.6034
Hart,SA,-33.697,138.4166
Rochester,SA,-33.6952,138.4853
Bright,SA,-33.9035,139.1343
Rocky Plain,SA,-34.0109,139.1339
Waterloo,SA,-33.9833,138.8667
Willoughby,SA,-35.7788,137.9046
Hungerford,SA,-35.7788,137.9046
Menzies,SA,-35.6977,137.3447
Harriet River,SA,-35.6977,137.3447
Seddon,SA,-35.8359,137.2923
Wilkawatt,SA,-35.3673,140.3601
Mindarie,SA,-34.8167,140.2167
Kolendo,SA,-32.4474,136.411
Nonning,SA,-32.5,136.5
Hiltaba,SA,-32.4474,136.411
Siam,SA,-32.4053,136.6694
Thurlga,SA,-32.4474,136.411
Kokatha,SA,-32.4474,136.411
Buchanan,SA,-34.1604,139.1605
Nundroo,SA,-31.7798,132.2043
Oak Valley,SA,-29.4324,130.7881
Bookabie,SA,-31.8384,132.6899
Fowlers Bay,SA,-31.9865,132.4349
Flinders University,SA,-35.0068,138.5762
Port Stanvac,SA,-35.1068,138.4929
Lonsdale Dc,SA,-35.1068,138.4929
Birdwood,SA,-34.8183,138.9648
Springfield,SA,-34.9782,138.6325
Stirling,SA,-35.0022,138.7196
Mount George,SA,-35.014,138.7665
Bridgewater,SA,-35.014,138.7665
Mount Gambier Dc,SA,-37.8318,140.7792
Wepowie,SA,-32.8333,138.4833
Melrose,SA,-32.8253,138.1863
Port Augusta North,SA,-32.4799,137.838
Miranda,SA,-32.7249,137.9029
Hartley,SA,-35.2029,139.0359
Mount Observation,SA,-35.2751,138.9763
Mayfield,SA,-33.5497,138.6064
Washpool,SA,-33.5497,138.6064
Spalding,SA,-33.4979,138.6075
Darlington,SA,-35.0315,138.5553
Blackwood,SA,-35.0214,138.6143
Woodcroft,SA,-35.1024,138.5629
Erskine,SA,-32.7333,138.85
Dawson,SA,-32.8,138.9667
Waroonee,SA,-32.8928,138.9218
Wiawera,SA,-32.297,140.4194
Reid,SA,-34.5961,138.7367
Kingsford,SA,-34.5961,138.7367
Croydon,SA,-34.8937,138.5669
Croydon Park,SA,-34.8803,138.5678
Croydon Park South,SA,-34.8803,138.5678
Queenstown,SA,-34.8609,138.5105
Albert Park,SA,-34.872,138.5197
Hendon,SA,-34.8746,138.5146
Alberton,SA,-34.8593,138.5214
Cheltenham,SA,-34.8679,138.5234
Fitzroy,SA,-34.8968,138.5914
Blair Athol,SA,-34.8589,138.5966
Kilburn North,SA,-34.8593,138.5911
Blair Athol West,SA,-34.8593,138.5911
Bruce,SA,-32.4667,138.2
Wilkatana Station,SA,-33.892,137.903
Wallerberdina,SA,-33.892,137.903
Pernatty,SA,-33.892,137.903
Kootaberra,SA,-33.892,137.903
Lake Torrens Station,SA,-33.892,137.903
Wintabatinyana,SA,-33.892,137.903
Illeroo,SA,-32.2125,136.5539
Wartaka,SA,-32.2125,136.5539
Lincoln Gap,SA,-32.2125,136.5539
Yalymboo,SA,-32.2125,136.5539
Carriewerloo,SA,-32.2125,136.5539
Yudnapinna,SA,-32.2125,136.5539
Walkerville,SA,-34.8919,138.6171
Riverlea Park,SA,-34.6758,138.551
Virginia,SA,-34.6663,138.5603
Mootatunga,SA,-34.9614,140.8416
Venus Bay,SA,-33.2333,134.6833
Peachna,SA,-33.7667,135.7167
Farm Beach,SA,-34.4962,135.3967
Warrachie,SA,-33.65,135.7167
Sullivan,SA,-35.1188,138.4734
Highbury,SA,-34.8529,138.6975
Modbury North Dc,SA,-34.8238,138.6809
St Agnes,SA,-34.8308,138.7107
Bunbury,SA,-36.1667,139.9833
Smithville,SA,-35.2361,140.3645
Unley Bc,SA,-34.9569,138.6053
Unley Dc,SA,-34.9569,138.6053
Malvern,SA,-34.9592,138.6125
Windsor,SA,-34.4219,138.3308
Lochiel,SA,-33.9333,138.1667
North Adelaide Melbourne St,SA,-34.9073,138.5914
Laurie Park,SA,-36.9554,140.6979
The Gap,SA,-36.9554,140.6979
Wild Dog Valley,SA,-36.9554,140.6979
Cadgee,SA,-36.9554,140.6979
Richmond,SA,-34.942,138.5632
Paney,SA,-33.0334,135.4402
The Range,SA,-35.2463,138.6228
Bald Hills,SA,-35.488,138.401
Delamere,SA,-35.5833,138.1833
Melton,SA,-34.0768,137.9457
Yelta,SA,-34.0616,137.6321
Policeman Point,SA,-36.0583,139.5931
Monash,SA,-34.2384,140.5613
Bunyung,SA,-33.6181,138.9551
Pine Valley Station,SA,-33.6181,138.9551
Quondong,SA,-33.6181,138.9551
Oakvale Station,SA,-33.6181,138.9551
Old Koomooloo,SA,-33.6181,138.9551
Balah,SA,-33.6181,138.9551
Burra,SA,-33.6717,138.9283
Gluepot,SA,-33.6181,138.9551
Canegrass,SA,-33.6181,138.9551
Parcoola,SA,-33.6181,138.9551
Faraway Hill,SA,-33.6181,138.9551
Mount Havelock,SA,-31.8467,138.3446
Shaggy Ridge,SA,-31.8467,138.3446
Black Hill Station,SA,-31.8467,138.3446
Hawker,SA,-31.8881,138.425
Prelinna,SA,-31.8467,138.3446
Upalinna,SA,-31.8467,138.3446
Worumba,SA,-31.8467,138.3446
Whyalla Dc,SA,-33.0185,137.4318
Port Lincoln South,SA,-34.7263,135.8744
Whyalla Norrie East,SA,-33.0886,137.4755
Whyalla Norrie North,SA,-33.0886,137.4755
Murninnie Beach,SA,-33.0221,137.5127
Cowleds Landing,SA,-33.0221,137.5127
Bulgunnia,SA,-30.9427,135.5329
Mulgathing,SA,-30.9427,135.5329
Lake Harris,SA,-30.9427,135.5329
Coondambo,SA,-30.9427,135.5329
Bon Bon,SA,-30.9427,135.5329
Millers Creek,SA,-30.0042,136.0471
Evelyn Downs,SA,-28.72,135.3644
Nilpinna Station,SA,-28.72,135.3644
Allandale Station,SA,-28.72,135.3644
Wintinna,SA,-28.72,135.3644
Arckaringa,SA,-28.72,135.3644
Mcdouall Peak,SA,-28.72,135.3644
Mount Clarence Station,SA,-28.72,135.3644
Welbourn Hill,SA,-27.305,133.4595
Mintabie,SA,-27.3103,133.2966
Roxby Downs Station,SA,-30.5049,136.8811
Leigh Creek,SA,-30.5931,138.4003
Umberatana,SA,-30.3354,139.1148
Angepena,SA,-30.3354,139.1148
Yankaninna,SA,-30.3354,139.1148
Wertaloona,SA,-30.3354,139.1148
Pinda Springs,SA,-30.3354,139.1148
North Moolooloo,SA,-30.3354,139.1148
Wooltana,SA,-30.3354,139.1148
Copley,SA,-30.5599,138.4213
Burr Well,SA,-30.3354,139.1148
Mulga View,SA,-30.3354,139.1148
Manners Well,SA,-30.3354,139.1148
Watinuma,SA,-22.2019,133.143
Yunyarinyi,SA,-22.2019,133.143
Umuwa,SA,-22.2019,133.143
Ernabella (Pukatja),SA,-22.2019,133.143
Nyapari,SA,-22.2019,133.143
Ayers Range South,SA,-22.2019,133.143
Indulkana (Iwantja),SA,-22.2019,133.143
Murputja,SA,-22.2019,133.143
De Rose Hill,SA,-22.2019,133.143
Lambina,SA,-22.2019,133.143
Ernabella,SA,-22.2019,133.143
Indulkana,SA,-22.2019,133.143
Fregon,SA,-22.2019,133.143
Evandale,TAS,-41.5686,147.2527
Myalla,TAS,-40.9812,145.576
Arthur River,TAS,-40.893,145.0204
Hunter Island,TAS,-40.893,145.0204
Robbins Island,TAS,-40.893,145.0204
Irishtown,TAS,-40.9108,145.1517
Christmas Hills,TAS,-40.901,145.0165
Three Hummock Island,TAS,-40.4361,144.9065
Nelson Bay,TAS,-40.893,145.0204
Rose Bay,TAS,-42.839,147.3541
Flagstaff Gully,TAS,-42.839,147.3541
Clifton Beach,TAS,-42.9853,147.5211
South Arm,TAS,-43.0261,147.422
Cremorne,TAS,-42.9578,147.5315
Catamaran,TAS,-43.5583,146.8911
Retreat,TAS,-41.1505,147.173
Lilydale,TAS,-41.2503,147.2176
Strzelecki,TAS,-40.0246,147.9952
Ross,TAS,-42.0308,147.4927
Storys Creek,TAS,-41.7614,147.7876
Avoca,TAS,-41.7864,147.7209
Bathurst Street Po,TAS,-42.8738,147.3186
Gawler,TAS,-41.1938,146.1569
Boat Harbour,TAS,-40.9484,145.6303
Ilfraville,TAS,-41.1511,146.8156
Beaconsfield,TAS,-41.2023,146.8172
Sunnyside,TAS,-41.3823,146.4478
Lillico,TAS,-41.2566,146.2856
Miandetta,TAS,-41.1955,146.3532
Melrose,TAS,-41.2546,146.2858
Swan Bay,TAS,-41.1617,147.0471
Ravenswood,TAS,-41.4159,147.1825
Newstead,TAS,-41.4411,147.1618
Exeter,TAS,-41.2975,146.9505
Carrick,TAS,-41.5324,147.0103
Apsley,TAS,-42.4365,147.1466
Stonehenge,TAS,-42.4,147.6333
Four Mile Creek,TAS,-41.6477,148.2419
Cornwall,TAS,-41.559,148.1453
Gray,TAS,-41.6287,148.2284
Breadalbane,TAS,-41.5268,147.1965
Perth,TAS,-41.5723,147.171
Swansea,TAS,-42.1228,148.0743
Middlesex,TAS,-41.435,146.2556
Acacia Hills,TAS,-41.435,146.2556
Paradise,TAS,-41.4516,146.3156
Somerset,TAS,-41.0406,145.8305
Ellendale,TAS,-42.6167,146.7167
Uplands,VIC,-36.9535,147.7046
Budgee Budgee,VIC,-37.783,147.2266
Castleburn,VIC,-37.783,147.2266
Waterford,VIC,-37.5167,147.2
Darlington,VIC,-38.0,143.05
Mortlake,VIC,-38.081,142.8083
Raglan,VIC,-37.35,143.35
Waterloo,VIC,-37.3667,143.4167
Soldiers Hill,VIC,-37.5496,143.8587
Wendouree Village,VIC,-37.528,143.8082
Mitchell Park,VIC,-37.5069,143.7798
Sebastopol,VIC,-37.5853,143.8395
Surf Beach,VIC,-38.3751,144.2564
Ventnor,VIC,-38.4676,145.1736
Bellview,VIC,-38.402,145.6831
Lillico,VIC,-38.1227,145.9643
Tarwin East,VIC,-38.5167,146.2333
Strzelecki,VIC,-38.3333,145.9
Wild Dog Valley,VIC,-38.4296,146.0065
Hampton,VIC,-37.9377,145.0095
Hampton North,VIC,-37.9373,145.0191
Sandringham,VIC,-37.9522,145.0113
Cheltenham East,VIC,-37.9694,145.0481
Cheltenham,VIC,-37.9694,145.0481
Cheltenham North,VIC,-37.9694,145.0481
Southland Centre,VIC,-37.9694,145.0481
Cromer,VIC,-37.9743,145.0243
Black Rock North,VIC,-37.9667,145.0167
Balwyn East,VIC,-37.8105,145.0744
Deepdene,VIC,-37.8114,145.0661
Stradbroke Park,VIC,-37.8105,145.0744
Deepdene Dc,VIC,-37.8105,145.0744
Canterbury,VIC,-37.8247,145.0848
Camberwell East,VIC,-37.8247,145.0848
Kingsville West,VIC,-37.8014,144.8658
Sydenham,VIC,-37.7,144.7667
Wedderburn,VIC,-36.419,143.6139
Woolshed Flat,VIC,-36.4153,143.6211
Muskerry East,VIC,-36.6833,144.6333
Runnymede,VIC,-36.4771,144.5858
Corop West,VIC,-36.4771,144.5858
Fairy Dell,VIC,-36.3333,144.75
Patho West,VIC,-36.1277,144.6747
Echuca South,VIC,-36.1277,144.6747
Campaspe West,VIC,-36.1277,144.6747
Mcevoys,VIC,-36.1277,144.6747
Pine Grove,VIC,-36.2333,144.4167
Beaconsfield,VIC,-38.05,145.3667
Ferguson,VIC,-38.631,143.5258
Ellerslie,VIC,-38.15,142.7
Wattle Flat,VIC,-37.4667,143.95
Windermere,VIC,-37.4833,143.7167
Learmonth,VIC,-37.4188,143.7122
Clarendon,VIC,-37.7,143.9667
Leigh Creek,VIC,-37.5612,143.9608
Eskdale,VIC,-36.4667,147.2333
Lucknow,VIC,-37.8167,147.65
Banksia Peninsula,VIC,-37.9531,147.672
Weeragua,VIC,-37.4855,149.1668
Stirling,VIC,-37.4333,147.75
Swan Reach,VIC,-37.8333,147.8667
Belvedere Park,VIC,-38.1,145.1333
Hopetoun Gardens,VIC,-37.8891,145.0244
Booran Road Po,VIC,-37.8946,145.0576
Balaclava,VIC,-37.8667,145.0
North Road,VIC,-37.9667,145.0167
Nelson,VIC,-38.05,141.0167
Broadwater,VIC,-38.1253,142.0497
Puralka,VIC,-37.8167,141.0833
Corndale,VIC,-37.7008,141.2432
Teesdale,VIC,-38.0333,144.05
Ravenswood,VIC,-36.9,144.2167
Diamond Hill,VIC,-36.7256,144.3174
Bendigo South,VIC,-36.7256,144.3174
Sandhurst East,VIC,-36.7256,144.3174
Tysons Reef,VIC,-36.7256,144.3174
Spring Gully,VIC,-36.7256,144.3174
Ironbark,VIC,-36.7548,144.2638
Bendigo Dc,VIC,-36.7114,144.3417
Lansell Plaza,VIC,-36.7862,144.2561
Specimen Hill,VIC,-36.7862,144.2561
Kangaroo Flat,VIC,-36.8,144.25
Big Hill,VIC,-36.7862,144.2561
North Shore,VIC,-38.1,144.3667
Belmont,VIC,-38.1748,144.3428
Bareena,VIC,-38.1543,144.3505
Swan Bay,VIC,-37.3177,144.3212
Cooma,VIC,-36.4167,145.0667
Stanhope,VIC,-36.4472,144.9827
Guildford,VIC,-37.1667,144.1667
Basalt,VIC,-37.3411,144.1426
Wonwondah South,VIC,-36.9167,142.15
Indigo Upper,VIC,-36.2333,146.7833
Wishart,VIC,-37.9415,145.0578
Moorabbin East,VIC,-37.9415,145.0578
Knox City Centre,VIC,-37.8667,145.2167
Studfield,VIC,-37.8667,145.2167
The Basin,VIC,-37.85,145.3167
Sassafras Gully,VIC,-37.8667,145.35
Sassafras,VIC,-37.8667,145.35
Law Courts,VIC,-37.8149,144.9505
Walmer,VIC,-36.9667,144.15
York Plains,VIC,-36.6627,143.206
Serpentine,VIC,-36.4333,143.9833
South Kinypanial,VIC,-36.35,143.8
Summerfield,VIC,-36.5052,144.3042
Piavella,VIC,-36.3024,144.3189
Tennyson,VIC,-36.2905,144.3568
Bulleen South,VIC,-37.7667,145.0833
Ringwood,VIC,-37.8167,145.2333
Mansfield,VIC,-37.052,146.0885
Dawson,VIC,-37.9742,146.69
University Of Melbourne,VIC,-37.8233,144.8733
Little Lonsdale Street,VIC,-37.8149,144.9505
Murray Lock No 9,VIC,-34.2858,141.6231
Sunnycliffs,VIC,-34.2858,141.6231
Irymple,VIC,-34.2354,142.171
Tylden South,VIC,-37.1681,144.5078
Spring Hill,VIC,-37.3,144.3333
Myrtle Creek,VIC,-37.1681,144.5078
Baynton East,VIC,-37.1681,144.5078
St James,VIC,-36.2667,145.9
Pinewood,VIC,-37.8756,145.1387
Monash University,VIC,-38.0176,145.35
Gordon,VIC,-37.5823,144.1093
Brunswick Lower,VIC,-37.7667,144.9667
Brunswick,VIC,-37.7667,144.9667
Brunswick North,VIC,-37.7667,144.9667
Lygon Street North,VIC,-37.7725,144.9724
Fingal,VIC,-38.414,144.8499
Rosebud West,VIC,-38.3644,144.8775
Elphinstone,VIC,-37.1,144.3333
Newstead,VIC,-37.106,144.0647
Green Gully,VIC,-37.0903,144.059
Sandon,VIC,-37.0903,144.059
Alma,VIC,-37.0333,143.6833
Moonlight Flat,VIC,-37.0613,143.7144
Goldsborough,VIC,-36.8202,143.6564
Inkerman,VIC,-36.8521,143.7149
Dunolly,VIC,-36.8601,143.7336
Murphys Creek,VIC,-36.75,143.7667
Bendigo Forward,VIC,-36.764,144.2628
Epsom,VIC,-36.7167,144.3167
Myola East,VIC,-36.764,144.2628
Pilchers Bridge,VIC,-36.764,144.2628
Myola,VIC,-36.6333,144.65
Myrtle Creek,VIC,-36.764,144.2628
Mailer Flat,VIC,-38.3,142.4667
Warrnambool West,VIC,-38.2691,142.4583
Warrnambool East,VIC,-38.2691,142.4583
Codrington,VIC,-38.2667,141.9667
Ripponhurst,VIC,-38.0167,142.1167
Molesworth,VIC,-37.1667,145.5333
Plenty,VIC,-37.6667,145.1167
Bruces Creek,VIC,-37.4908,145.1975
St Andrews,VIC,-37.523,145.1388
Woohlpooer,VIC,-37.3333,142.15
Bridge Inn,VIC,-37.0167,142.8333
Stawell West,VIC,-36.9632,142.9381
Connangorach,VIC,-36.9667,142.0167
Riverside,VIC,-36.8083,142.0525
Dahlen,VIC,-36.8083,142.0525
Jilpanger,VIC,-36.8083,142.0525
Remlaw,VIC,-36.8083,142.0525
Venus Bay,VIC,-38.7004,145.8224
Tidal River,VIC,-38.653,146.2626
Rumbug,VIC,-38.653,146.2626
Shallow Inlet,VIC,-38.653,146.2626
Hamilton,VIC,-37.7442,142.022
Hawksburn,VIC,-37.8416,145.0144
Armadale,VIC,-37.8554,145.0205
Cosgrove,VIC,-36.3451,145.6204
Locksley,VIC,-36.8333,145.3333
Torquay,VIC,-38.3308,144.3264
Big Hill,VIC,-38.4676,144.0719
Mildura South,VIC,-34.4238,142.178
Mildura Centre Plaza,VIC,-34.4238,142.178
Myall,VIC,-35.581,144.0013
Robinvale Irrigation District Section E,VIC,-34.6678,142.7611
Pine Mountain,VIC,-36.011,147.639
Wangaratta,VIC,-36.3585,146.3206
Wangaratta West,VIC,-36.5333,146.2167
Baarmutha,VIC,-36.4167,146.6833
Killarney,VIC,-38.35,142.3333
Hill End,VIC,-38.0167,146.15
Coopers Creek,VIC,-37.9833,146.4333
Thalloo,VIC,-38.0842,146.3081
Westbury,VIC,-38.1363,146.2175
Gippsland Mc,VIC,-38.2903,146.5885
Flynn,VIC,-38.1667,146.6833
Golden Beach,VIC,-38.2109,147.3987
Sale East Raaf,VIC,-38.1035,147.127
East Sale Raaf,VIC,-38.1035,147.127
Maffra,VIC,-37.9713,146.9837
The Fingerboard,VIC,-37.8084,147.3096
Woodside North,VIC,-38.5299,146.885
Cherrilong,VIC,-38.5833,146.8833
Woodside,VIC,-38.5238,146.8751
Woorarra,VIC,-38.5918,146.3804
Parkwood,VIC,-37.6167,141.7833
Meereek,VIC,-37.0833,141.0833
Apsley,VIC,-36.9667,141.0833
Greythorn,VIC,-37.7909,145.0939
Box Hill,VIC,-37.8189,145.1254
Houston,VIC,-37.8256,145.1232
Box Hill Central,VIC,-37.8256,145.1232
Woodstock,VIC,-37.55,145.0333
Morang South,VIC,-37.65,145.1
Chartwell,VIC,-37.9098,144.6387
Richmond,VIC,-37.8182,145.0018
Victoria Gardens,VIC,-37.8265,145.0043
Richmond North,VIC,-37.8265,145.0043
Burnley North,VIC,-37.8265,145.0043
Richmond South,VIC,-37.8265,145.0043
Richmond East,VIC,-37.8265,145.0043
Lilydale,VIC,-37.75,145.35
Montrose,VIC,-37.8167,145.35
Reefton,VIC,-37.7487,145.7193
Glenorchy,VIC,-36.9,142.6833
Germantown,VIC,-36.7412,147.0698
Bright,VIC,-36.73,146.9598
Home Island Cocos (Keeling) Islands,WA,-20.7905,118.8132
West Island Cocos (Keeling) Islands,WA,-20.7905,118.8132
Centennial Park,WA,-35.0153,117.8805
Frenchman Bay,WA,-35.0935,117.9491
Albany Po,WA,-35.0269,117.8837
Brookdale,WA,-32.167,116.0019
Armadale,WA,-32.1461,116.0093
Fortescue,WA,-21.6392,116.3222
Millstream,WA,-21.6392,116.3222
Bassendean Dc,WA,-31.8496,115.8584
Bayswater,WA,-31.9169,115.9178
Malaga Dc,WA,-31.8496,115.8584
Welshpool Dc,WA,-31.9944,115.9222
Welshpool,WA,-31.9944,115.9222
Congelin,WA,-32.8402,116.8854
Culbin,WA,-32.7944,116.5071
Boraning,WA,-32.7944,116.5071
Narrakine,WA,-32.7944,116.5071
Sunnyside,WA,-34.0154,116.0999
Kimbolton,WA,-17.7491,124.414
Picton,WA,-33.35,115.7
Bunbury,WA,-33.3271,115.6414
Wellesley,WA,-33.2343,115.7526
Subiaco East,WA,-31.952,115.8112
Shelley,WA,-32.0296,115.8866
Broadwater,WA,-33.663,115.2842
Acton Park,WA,-33.6967,115.3098
Spalding,WA,-28.7352,114.6365
Moresby,WA,-28.7352,114.6724
Geraldton Dc,WA,-28.7561,114.59
Geraldton Po,WA,-28.779,114.6146
Claremont,WA,-31.9796,115.7823
Bibra Lake Dc,WA,-32.1549,115.7916
Londonderry,WA,-31.074,121.1228
Coolgardie,WA,-30.9527,121.1635
Wallaroo,WA,-30.8763,120.5734
Kalgoorlie Dc,WA,-30.7326,121.4645
Hannans Po,WA,-30.7326,121.4645
Kalgoorlie Po,WA,-30.7326,121.4645
Kambalda,WA,-31.2017,121.6708
Claremont North,WA,-31.9694,115.7827
Wyola,WA,-31.5526,117.3211
Pelican Point,WA,-33.3183,115.6929
Davenport,WA,-33.374,115.6852
Glen Iris,WA,-33.3371,115.6743
Vittoria,WA,-33.3305,115.6659
Forest Hill,WA,-34.6163,117.8171
Shadforth,WA,-34.9638,117.2692
Broke,WA,-34.8497,116.6957
Cockatoo Island,WA,-20.7905,118.8132
Koolan Island,WA,-20.7905,118.8132
Southampton,WA,-33.8,115.9667
Hindmarsh,WA,-31.2148,117.0962
Palmyra Dc,WA,-32.1549,115.7916
Lynwood,WA,-32.0401,115.9289
Sorrento,WA,-31.8253,115.7525
North Beach,WA,-31.863,115.7562
Joondalup Dc,WA,-31.9335,115.8003
Bellevue,WA,-31.9012,116.0276
Queens Park,WA,-32.0031,115.9462
Kelmscott Dc,WA,-32.1228,116.0719
Lamington,WA,-30.7342,121.4616
Sherlock,WA,-20.7318,116.8268
Maitland,WA,-20.7318,116.8268
Rockingham Beach,WA,-32.1549,115.7916
Kiwirrkurra,WA,-22.2019,133.143
Wingellina,WA,-22.2019,133.143
Agnew,WA,-28.0119,120.5186
Northlands,WA,-31.9487,115.8314
Northlands Po,WA,-31.9487,115.8314
Shannon,WA,-34.662,116.1053
Menzies,WA,-29.6939,121.0285
Mosman Park,WA,-32.0054,115.7638
Paynesville,WA,-28.0648,117.849
Murchison,WA,-26.8949,115.9575
Nirimba,WA,-32.6697,115.7457
Bannister,WA,-32.4276,116.4125
Middlesex,WA,-34.2785,116.1949
Nyamup,WA,-34.2785,116.1949
Shannon River Mill,WA,-34.2785,116.1949
Collins Siding,WA,-34.4291,115.9139
Margaret River,WA,-33.955,115.076
Yebble,WA,-33.9574,115.099
Mount Walker,WA,-32.0472,118.5552
Highbury,WA,-33.0667,117.25
Copley,WA,-31.807,116.4775
Sandy Gully,WA,-28.3084,114.5195
Alma,WA,-28.3084,114.5195
Highgate,WA,-31.9397,115.8701
Goldsworthy,WA,-20.35,119.5333
West Beach,WA,-33.8746,121.8901
Singleton,WA,-32.444,115.7572
Rockingham Dc,WA,-32.1549,115.7916
Serpentine,WA,-32.3605,115.9772
Casuarina,WA,-32.2414,115.8698
Glenfield,WA,-28.6925,114.6214
Georgina,WA,-28.8775,114.7536
Subiaco Po,WA,-31.9485,115.8268
Ellenbrook East,WA,-31.7712,116.0118
Carlisle North,WA,-31.9842,115.911
Carlisle South,WA,-31.9842,115.911
Merriwa,WA,-31.6649,115.7127
Mindarie,WA,-31.6893,115.707
Eglinton,WA,-31.5868,115.6888
Wangara Dc,WA,-31.7606,115.8402
Kingsway,WA,-31.7606,115.8402
Wangara Dc,WA,-31.8496,115.8584
Campion,WA,-31.0287,118.4893
Mangowine,WA,-30.7622,118.2786
Boolading,WA,-33.3501,116.8261
Southern Cross,WA,-31.2268,119.3238
